currentTimeMillis,nanoTime,timestamp,x,y,z
1423841174667,48741566183540,48741557838000,-0.53119355,1.7161638,8.921328,
1423841174674,48741573333540,48741571045000,-1.0623871,1.2258313,9.152874,
1423841174688,48741586915207,48741584300000,0.06810174,1.253072,8.989429,
1423841174704,48741603088540,48741597460000,0.38136974,1.334794,9.261836,
1423841174720,48741619058540,48741610605000,-0.3405087,1.334794,8.648921,
1423841174725,48741624320207,48741623660000,-0.4903325,1.253072,8.22669,
1423841174738,48741637441873,48741636853000,-0.53119355,1.3756552,8.458236,
1423841174753,48741651731874,48741650320000,-0.29964766,1.525479,8.539958,
1423841174769,48741668253540,48741663528000,0.027240695,1.607201,8.771504,
1423841174786,48741685103540,48741676661000,0.06810174,1.607201,9.112013,
1423841174791,48741690508540,48741689728000,-0.19068487,1.7161638,8.730643,
1423841174804,48741703455207,48741702781000,-0.38136974,1.7161638,8.880466,
1423841174818,48741716770207,48741716115000,-0.38136974,1.7978859,8.989429,
1423841174835,48741733863540,48741729376000,-0.38136974,1.7570249,9.152874,
1423841174849,48741748588540,48741742533000,-0.3405087,1.7570249,9.193735,
1423841174857,48741756236873,48741755578000,-0.38136974,1.7161638,9.302697,
1423841174870,48741769331873,48741768675000,-0.21792556,1.7570249,9.261836,
1423841174884,48741782791874,48741782123000,-0.38136974,1.7570249,9.261836,
1423841174900,48741798896873,48741795380000,-0.44947147,1.6753027,9.220976,
1423841174916,48741814635207,48741808503000,-0.53119355,1.6344417,9.302697,
1423841174923,48741822260207,48741821601000,-0.40861043,1.56634,9.112013,
1423841174936,48741835251873,48741834656000,-0.19068487,1.525479,9.152874,
1423841174949,48741848568540,48741847968000,-0.06810174,1.4437568,9.220976,
1423841174967,48741866000207,48741861206000,0.10896278,1.4165162,8.921328,
1423841174983,48741881688540,48741874435000,1.4437568,1.7978859,8.839605,
1423841174989,48741888141873,48741887505000,0.8036005,1.7570249,8.499097,
1423841175002,48741901208540,48741900576000,-0.40861043,1.6344417,8.771504,
1423841175015,48741914558540,48741913831000,-0.61291564,1.4437568,8.880466,
1423841175033,48741932575207,48741927050000,-0.25878662,1.607201,8.539958,
1423841175048,48741946936873,48741940128000,-0.29964766,1.6753027,8.771504,
1423841175055,48741953988540,48741953341000,-0.5720546,1.6344417,8.539958,
1423841175068,48741967160207,48741966530000,-0.8036005,1.7161638,7.504812,
1423841175085,48741983778540,48741979853000,-1.1849703,1.6344417,7.6137743,
1423841175100,48741998733540,48741993091000,-0.7218784,1.1032481,8.499097,
1423841175108,48742006868540,48742006195000,0.06810174,1.1849703,8.267551,
1423841175121,48742019868540,48742019255000,0.10896278,1.253072,8.921328,
1423841175134,48742033236873,48742032635000,0.06810174,1.9068487,9.220976,
1423841175149,48742048306873,48742045936000,0.7627395,3.214402,9.833891,
1423841175166,48742065025207,48742059118000,0.44947147,2.6014864,10.296983,
1423841175180,48742079583540,48742072385000,-0.14982383,1.7978859,9.724928,
1423841175187,48742086090207,48742085453000,-0.40861043,1.4165162,9.112013,
1423841175200,48742099136873,48742098516000,-0.9125633,1.7570249,8.921328,
1423841175214,48742113141873,48742111915000,-0.9942854,1.8659877,8.798744,
1423841175230,48742129465206,48742125108000,-0.6401563,1.9068487,9.302697,
1423841175246,48742145470207,48742138211000,-0.40861043,1.8387469,9.452521,
1423841175253,48742152105207,48742151421000,-0.21792556,1.8387469,9.575105,
1423841175266,48742165190207,48742164521000,-0.06810174,1.8659877,9.724928,
1423841175280,48742179001873,48742177823000,-0.21792556,1.8659877,9.220976,
1423841175296,48742195558540,48742191085000,-0.38136974,1.7978859,9.452521,
1423841175307,48742205666873,48742204183000,-0.53119355,1.7978859,9.220976,
1423841175319,48742217878540,48742217215000,-0.6810174,1.7161638,9.152874,
1423841175332,48742231473540,48742230790000,-0.6810174,1.7570249,9.152874,
1423841175346,48742245188540,48742244066000,-0.5720546,1.9068487,9.193735,
1423841175364,48742262626874,48742257260000,-0.25878662,2.0294318,9.152874,
1423841175373,48742271780207,48742270386000,-0.3405087,1.9885708,9.302697,
1423841175385,48742284301873,48742283593000,-0.38136974,1.9068487,9.261836,
1423841175398,48742297265207,48742296660000,-0.3405087,1.9477097,9.152874,
1423841175412,48742311441874,48742309980000,-0.3405087,1.8659877,9.112013,
1423841175439,48742338538540,48742323141000,-0.21792556,1.9068487,8.839605,
1423841175445,48742343675207,48742336290000,-0.29964766,1.7978859,8.921328,
1423841175451,48742350351874,48742349591000,-0.29964766,1.607201,9.220976,
1423841175465,48742364051873,48742362663000,-0.25878662,1.7570249,8.689782,
1423841175479,48742377958540,48742375753000,-0.25878662,1.6344417,8.962189,
1423841175495,48742393620207,48742388971000,-0.25878662,1.7570249,8.771504,
1423841175504,48742403521873,48742402051000,-0.14982383,1.7978859,8.839605,
1423841175517,48742416431873,48742415061000,-0.25878662,1.7161638,8.880466,
1423841175532,48742430891874,48742428198000,-0.14982383,1.6344417,8.839605,
1423841175545,48742443921873,48742441535000,-0.19068487,1.607201,8.880466,
1423841175561,48742460533540,48742454731000,-0.19068487,1.6344417,8.648921,
1423841175571,48742469745206,48742467880000,-0.10896278,1.6753027,8.771504,
1423841175584,48742482751873,48742481636000,-0.25878662,1.7161638,8.771504,
1423841175596,48742495331873,48742494735000,-0.3405087,1.8387469,8.648921,
1423841175611,48742509818540,48742508041000,-0.40861043,1.7161638,8.962189,
1423841175627,48742525991873,48742521221000,-0.3405087,1.8387469,9.112013,
1423841175637,48742536070207,48742534291000,-0.3405087,1.8387469,9.030291,
1423841175649,48742547945206,48742547338000,-0.38136974,1.9068487,9.152874,
1423841175662,48742561201874,48742560585000,-0.3405087,1.8387469,9.071152,
1423841175689,48742587641873,48742587035000,-0.38136974,1.8387469,8.880466,
1423841175701,48742600340207,48742599976000,-0.29964766,1.8387469,9.112013,
1423841175715,48742614016873,48742613358000,-0.25878662,1.8659877,9.343558,
1423841175731,48742629675206,48742626545000,-0.25878662,1.8659877,9.112013,
1423841175745,48742644223540,48742639871000,-0.21792556,1.9068487,8.880466,
1423841175760,48742659576873,48742653260000,-0.21792556,1.9068487,9.112013,
1423841175778,48742677105207,48742666773000,-0.29964766,1.9885708,8.962189,
1423841175783,48742682110207,48742680965000,-0.29964766,1.9477097,9.030291,
1423841175796,48742694943540,48742694268000,-0.21792556,1.9477097,9.152874,
1423841175810,48742709018540,48742707601000,-0.21792556,1.8659877,8.839605,
1423841175826,48742724880207,48742720826000,-0.21792556,1.8387469,8.962189,
1423841175841,48742740491874,48742734008000,-0.25878662,1.8387469,8.962189,
1423841175849,48742747703540,48742747071000,-0.3405087,1.8387469,9.193735,
1423841175862,48742760913540,48742760291000,-0.40861043,1.9885708,9.193735,
1423841175876,48742774826873,48742773561000,-0.40861043,1.8387469,8.839605,
1423841175892,48742790868540,48742786825000,-0.3405087,1.7978859,8.989429,
1423841175907,48742806076873,48742799926000,-0.29964766,1.7978859,8.60806,
1423841175915,48742813818540,48742813155000,-0.21792556,1.8659877,9.071152,
1423841175928,48742826815207,48742826196000,-0.21792556,1.8387469,9.193735,
1423841175942,48742840838540,48742839503000,-0.14982383,1.9885708,9.030291,
1423841175958,48742856780207,48742852871000,-0.29964766,2.0294318,9.261836,
1423841175974,48742873086873,48742865971000,-0.06810174,2.0566726,8.880466,
1423841175981,48742879661873,48742879025000,-0.21792556,1.9885708,9.030291,
1423841175994,48742892856873,48742892195000,-0.14982383,1.9477097,9.071152,
1423841176007,48742906208540,48742905486000,-0.10896278,1.9477097,9.112013,
1423841176024,48742922793540,48742918725000,-0.06810174,2.0294318,9.193735,
1423841176039,48742938241873,48742932051000,-0.14982383,2.0566726,8.962189,
1423841176047,48742945961873,48742945060000,-0.19068487,1.9068487,8.921328,
1423841176060,48742958790206,48742958133000,-0.06810174,1.9068487,8.962189,
1423841176074,48742973523540,48742971526000,-0.06810174,1.9477097,8.798744,
1423841176090,48742989608540,48742984763000,-0.14982383,2.0294318,8.921328,
1423841176106,48743005441873,48742997928000,-0.027240695,2.0294318,9.071152,
1423841176113,48743011658540,48743011045000,0.027240695,1.9885708,9.302697,
1423841176126,48743024695207,48743024115000,-0.0,1.9477097,9.112013,
1423841176139,48743038528540,48743037481000,-0.0,1.9068487,8.771504,
1423841176157,48743055826873,48743050683000,0.027240695,1.9068487,9.220976,
1423841176172,48743070668540,48743063788000,0.10896278,1.9885708,9.152874,
1423841176178,48743077473540,48743076840000,-0.0,1.9885708,9.302697,
1423841176192,48743090810207,48743089918000,-0.027240695,2.0566726,9.452521,
1423841176205,48743104606873,48743103326000,-0.06810174,1.8387469,9.193735,
1423841176222,48743121125207,48743116510000,0.10896278,1.9068487,8.798744,
1423841176238,48743136835207,48743129675000,-0.06810174,1.8659877,9.152874,
1423841176244,48743143431873,48743142746000,-0.027240695,1.9068487,9.220976,
1423841176257,48743156518540,48743155896000,-0.06810174,1.9068487,9.152874,
1423841176272,48743170795207,48743169203000,-0.10896278,1.8659877,9.152874,
1423841176288,48743187343540,48743182463000,-0.10896278,1.8387469,8.798744,
1423841176304,48743203016873,48743195593000,-0.0,1.8659877,9.071152,
1423841176310,48743209540206,48743208661000,-0.10896278,1.9477097,8.989429,
1423841176323,48743222445207,48743221801000,0.027240695,1.8387469,8.839605,
1423841176338,48743237255207,48743235115000,-0.10896278,1.7161638,9.071152,
1423841176355,48743254486873,48743248360000,-0.0,1.7978859,8.771504,
1423841176363,48743262410207,48743261475000,0.06810174,1.7570249,8.417375,
1423841176376,48743275121873,48743274520000,0.06810174,1.8387469,8.771504,
1423841176389,48743288448540,48743287838000,0.14982383,1.8659877,8.580819,
1423841176405,48743304351873,48743301166000,0.027240695,1.8387469,8.458236,
1423841176421,48743319636873,48743314370000,0.06810174,1.8387469,8.60806,
1423841176437,48743335813540,48743327463000,0.06810174,1.7978859,8.499097,
1423841176442,48743341268540,48743340573000,0.21792556,1.7978859,8.539958,
1423841176455,48743354385207,48743353728000,0.21792556,1.7570249,8.689782,
1423841176470,48743369061873,48743367055000,0.19068487,1.7978859,8.648921,
1423841176487,48743385800207,48743380373000,0.21792556,1.8387469,8.771504,
1423841176496,48743395478540,48743393466000,0.19068487,1.8387469,8.60806,
1423841176508,48743407146873,48743406526000,0.14982383,1.9068487,8.730643,
1423841176521,48743420496874,48743419610000,0.10896278,1.9477097,8.771504,
1423841176537,48743435705207,48743432998000,0.06810174,1.9477097,8.539958,
1423841176553,48743452403540,48743446211000,0.14982383,2.0566726,8.539958,
1423841176562,48743461603540,48743459283000,0.10896278,2.0294318,8.580819,
1423841176574,48743473215207,48743472350000,0.14982383,2.1383946,8.580819,
1423841176587,48743486283540,48743485626000,0.14982383,2.0566726,8.499097,
1423841176603,48743502063540,48743498953000,-0.027240695,2.0975335,8.689782,
1423841176619,48743518260206,48743512113000,0.10896278,2.0566726,8.499097,
1423841176627,48743525915207,48743525256000,0.06810174,2.1383946,8.798744,
1423841176640,48743538953540,48743538298000,0.10896278,2.2473574,8.689782,
1423841176653,48743552128540,48743551493000,0.06810174,2.1383946,8.580819,
1423841176668,48743567398540,48743564801000,0.027240695,2.1792557,8.962189,
1423841176685,48743584106873,48743577998000,-0.0,2.2882185,8.839605,
1423841176694,48743593523540,48743591121000,-0.027240695,2.6014864,8.921328,
1423841176706,48743604810207,48743604135000,-0.10896278,2.5197644,8.989429,
1423841176719,48743617926873,48743617338000,-0.06810174,2.4789033,9.41166,
1423841176735,48743634285207,48743630923000,-0.06810174,2.5606253,8.880466,
1423841176751,48743650501874,48743644098000,-0.14982383,2.5197644,9.152874,
1423841176759,48743657846873,48743657190000,-0.21792556,2.5197644,8.839605,
1423841176772,48743671281874,48743670588000,-0.19068487,2.6014864,8.730643,
1423841176785,48743684463540,48743683861000,-0.10896278,2.5197644,8.798744,
1423841176800,48743699578540,48743697173000,-0.10896278,2.669588,8.798744,
1423841176817,48743715670207,48743710355000,-0.06810174,2.669588,8.962189,
1423841176827,48743725628540,48743723453000,-0.027240695,2.7513103,8.921328,
1423841176838,48743737360206,48743736518000,-0.0,2.7921712,8.880466,
1423841176852,48743750615207,48743749731000,0.06810174,2.7921712,8.771504,
1423841176867,48743765716873,48743763023000,0.06810174,2.7921712,8.921328,
1423841176883,48743782331873,48743776163000,0.10896278,2.7104492,8.771504,
1423841176891,48743790318540,48743789260000,-0.06810174,2.669588,8.771504,
1423841176904,48743802980207,48743802320000,-0.14982383,2.669588,8.771504,
1423841176917,48743816171873,48743815560000,-0.21792556,2.5606253,8.771504,
1423841176934,48743833380207,48743828868000,-0.40861043,2.5606253,8.539958,
1423841176949,48743847793540,48743841978000,-0.4903325,2.5197644,8.689782,
1423841176957,48743856510207,48743855006000,-0.61291564,2.5606253,8.689782,
1423841176970,48743868701873,48743868076000,-0.8036005,2.5606253,8.880466,
1423841176983,48743882430207,48743881806000,-0.8036005,2.669588,9.030291,
1423841177000,48743899301873,48743895031000,-0.9125633,2.7513103,9.343558,
1423841177016,48743914951873,48743908155000,-1.1441092,2.9419951,9.602345,
1423841177023,48743921876874,48743921243000,-1.334794,2.9419951,9.602345,
1423841177036,48743935025207,48743934381000,-1.484618,2.901134,9.602345,
1423841177049,48743948368540,48743947693000,-1.6344417,2.9419951,9.302697,
1423841177066,48743964860207,48743961096000,-1.7978859,2.901134,9.534244,
1423841177082,48743980801874,48743974228000,-1.7570249,2.7104492,9.152874,
1423841177089,48743988403540,48743987283000,-1.6753027,2.5606253,9.343558,
1423841177102,48744001186874,48744000366000,-1.525479,2.5606253,9.261836,
1423841177115,48744014463540,48744013630000,-1.293933,2.5606253,9.220976,
1423841177133,48744032271873,48744026940000,-0.95342433,2.4789033,8.962189,
1423841177147,48744045993540,48744040100000,-0.87170225,2.5606253,8.989429,
1423841177155,48744053871873,48744053233000,-0.8308412,2.3699405,8.839605,
1423841177168,48744066893540,48744066285000,-0.5720546,2.5197644,8.771504,
1423841177182,48744081148540,48744079576000,-0.29964766,2.5197644,8.648921,
1423841177197,48744096226873,48744092841000,-0.19068487,2.5197644,8.798744,
1423841177213,48744112090207,48744105968000,-0.06810174,2.6014864,8.798744,
1423841177222,48744120973540,48744119035000,0.027240695,2.7513103,9.112013,
1423841177234,48744133551873,48744132856000,0.10896278,2.7921712,8.798744,
1423841177248,48744146748540,48744146100000,0.29964766,2.7513103,8.962189,
1423841177263,48744162471873,48744159415000,0.19068487,2.7104492,8.839605,
1423841177279,48744178098540,48744172595000,0.4903325,2.901134,9.152874,
1423841177288,48744187068540,48744185648000,0.4903325,3.0237172,9.152874,
1423841177300,48744199333540,48744198711000,0.5720546,3.13268,8.880466,
1423841177313,48744212578540,48744211960000,0.53119355,3.255263,8.689782,
1423841177330,48744229501873,48744225233000,0.6810174,3.405087,9.261836,
1423841177345,48744244415207,48744238396000,0.8308412,3.8273177,9.602345,
1423841177354,48744253003540,48744251545000,0.9942854,3.9771416,9.724928,
1423841177366,48744265438540,48744264586000,0.9942854,4.1269655,10.065437,
1423841177379,48744278525206,48744277866000,1.0623871,4.2904096,9.997335,
1423841177427,48744325991873,48744291176000,0.9125633,4.399372,10.2152605,
1423841177428,48744326820206,48744304545000,1.0215261,4.399372,10.18802,
1423841177428,48744327120206,48744317733000,1.1032481,4.4810944,9.765789,
1423841177432,48744331155207,48744330831000,1.1849703,4.399372,9.833891,
1423841177450,48744349356873,48744344008000,1.1849703,4.2904096,9.602345,
1423841177465,48744364536873,48744357176000,1.293933,4.2495484,9.684067,
1423841177472,48744370986874,48744370306000,1.253072,4.1269655,9.575105,
1423841177485,48744384286873,48744383631000,1.334794,3.9771416,9.220976,
1423841177498,48744397576873,48744396970000,1.1441092,3.7864566,9.112013,
1423841177515,48744413708540,48744410300000,0.8308412,3.5957718,8.267551,
1423841177530,48744428640206,48744423535000,0.44947147,3.214402,8.267551,
1423841177546,48744445568540,48744436665000,0.21792556,3.0645783,7.9270425,
1423841177552,48744450715207,48744449906000,0.3405087,3.214402,8.117727,
1423841177565,48744463746873,48744463115000,0.40861043,3.3642259,8.036005,
1423841177579,48744477863540,48744476433000,0.40861043,3.5957718,7.9270425,
1423841177595,48744493728540,48744489645000,0.40861043,3.5140498,7.9270425,
1423841177611,48744510151874,48744502923000,0.21792556,3.445948,7.572913,
1423841177618,48744516621873,48744515983000,0.21792556,3.5549107,7.504812,
1423841177631,48744529888540,48744529075000,0.25878662,3.7047346,7.3141265,
1423841177648,48744547106873,48744542400000,0.53119355,3.9362805,7.6954966,
1423841177662,48744561495207,48744555588000,0.61291564,4.2495484,7.6137743,
1423841177672,48744570690207,48744568686000,0.6810174,4.3176503,7.3141265,
1423841177684,48744583093540,48744582141000,0.6810174,4.2495484,7.572913,
1423841177697,48744595676873,48744595130000,0.6810174,3.8954194,7.6546354,
1423841177710,48744608763540,48744608173000,0.7218784,3.7455957,7.804459,
1423841177726,48744624911873,48744621426000,0.61291564,3.5140498,7.8861814,
1423841177743,48744642060207,48744634626000,0.53119355,3.445948,7.763598,
1423841177749,48744648401873,48744647840000,0.3405087,3.4731886,7.8861814,
1423841177763,48744661846873,48744661118000,0.21792556,3.5957718,8.076866,
1423841177778,48744676770206,48744674461000,-0.19068487,3.7864566,8.036005,
1423841177792,48744690990207,48744687753000,-0.4903325,3.8681788,8.117727,
1423841177808,48744706650206,48744701003000,-0.7218784,4.2086873,8.349273,
1423841177816,48744715226873,48744714080000,-0.7218784,4.399372,8.458236,
1423841177829,48744728036873,48744727123000,-0.87170225,4.440233,8.267551,
1423841177842,48744741023540,48744740371000,-1.0215261,4.3176503,8.185829,
1423841177859,48744758153540,48744753625000,-1.1441092,4.2086873,7.995144,
1423841177874,48744773450207,48744766676000,-1.0215261,4.2904096,8.158588,
1423841177882,48744781065207,48744779718000,-0.8036005,4.4810944,8.036005,
1423841177895,48744793705207,48744792791000,-0.7627395,4.739881,8.539958,
1423841177908,48744806715206,48744806125000,-0.7218784,4.930566,8.458236,
1423841177924,48744823403540,48744819378000,-0.8308412,5.243834,8.539958,
1423841177940,48744838830206,48744832915000,-0.8308412,5.202973,8.689782,
1423841177947,48744846585206,48744846001000,-0.8308412,5.3936577,8.689782,
1423841177961,48744859725206,48744859120000,-0.8308412,5.3936577,8.185829,
1423841177974,48744873101873,48744872398000,-0.8036005,5.6252036,8.349273,
1423841177990,48744889493540,48744885660000,-0.4903325,5.8567495,8.076866,
1423841178006,48744905348540,48744898703000,-0.19068487,5.7341666,8.158588,
1423841178013,48744912413540,48744911835000,0.3405087,5.7750273,8.60806,
1423841178026,48744925533540,48744924931000,0.6401563,6.1563973,9.302697,
1423841178040,48744938918540,48744938245000,0.44947147,6.769313,9.915613,
1423841178057,48744956256873,48744951623000,0.4903325,6.932757,10.337844,
1423841178072,48744971010207,48744964695000,0.25878662,6.701211,10.56939,
1423841178079,48744978376873,48744977733000,0.027240695,6.238119,10.337844,
1423841178093,48744991830207,48744990845000,-0.027240695,5.434519,10.18802,
1423841178106,48745005288540,48745004091000,-0.06810174,4.971427,8.839605,
1423841178124,48745022866873,48745017338000,0.027240695,4.630918,8.60806,
1423841178140,48745039433540,48745030680000,0.21792556,4.399372,7.84532,
1423841178146,48745045215207,48745043805000,-0.06810174,4.2904096,7.4639506,
1423841178159,48745057796873,48745056886000,-0.29964766,4.3176503,7.04172,
1423841178172,48745071013540,48745070231000,-0.5720546,4.3585114,6.810174,
1423841178189,48745088376873,48745083820000,-0.6401563,4.440233,6.347082,
1423841178204,48745103416873,48745096928000,-0.53119355,4.508335,6.1291566,
1423841178212,48745110751874,48745109975000,-0.7218784,4.739881,6.006573,
1423841178225,48745123895207,48745123221000,-0.8308412,4.903325,5.8158884,
1423841178240,48745139006873,48745136535000,-0.9942854,4.930566,5.9248514,
1423841178255,48745154231873,48745149798000,-0.87170225,5.012288,5.9248514,
1423841178270,48745169400206,48745162803000,-0.9942854,4.8216033,5.965712,
1423841178278,48745176885206,48745175893000,-1.1849703,4.5900574,6.006573,
1423841178290,48745189583540,48745188973000,-1.1849703,4.440233,5.9248514,
1423841178304,48745203325207,48745202391000,-1.293933,4.2495484,6.0882955,
1423841178321,48745219645206,48745215633000,-1.2258313,4.167826,5.9248514,
1423841178338,48745236826873,48745228728000,-0.95342433,3.9362805,6.2789803,
1423841178344,48745242671873,48745242001000,-0.7627395,3.7864566,6.3198414,
1423841178357,48745255683540,48745255048000,-0.53119355,3.6774938,7.04172,
1423841178379,48745278001873,48745268268000,-0.29964766,3.7864566,7.572913,
1423841178383,48745282398540,48745281756000,-0.027240695,3.8954194,7.4639506,
1423841178400,48745299583540,48745294790000,-0.21792556,4.0180025,7.7363577,
1423841178409,48745308361873,48745307780000,-0.19068487,4.167826,7.9270425,
1423841178423,48745321700207,48745321018000,-0.19068487,4.167826,8.349273,
1423841178438,48745336881873,48745334280000,-0.0,4.167826,8.417375,
1423841178456,48745354760207,48745347616000,0.10896278,3.8681788,8.3765135,
1423841178469,48745368475206,48745360866000,0.21792556,3.636633,8.458236,
1423841178476,48745374653540,48745374000000,0.38136974,3.5957718,8.798744,
1423841178489,48745387931873,48745387076000,0.5720546,3.7455957,9.112013,
1423841178503,48745401685207,48745400433000,0.6401563,4.1269655,8.989429,
1423841178519,48745417890206,48745413696000,0.53119355,4.3585114,9.071152,
1423841178529,48745428006873,48745426703000,0.7218784,4.69902,8.798744,
1423841178542,48745441185207,48745439728000,0.7627395,4.971427,8.730643,
1423841178557,48745456033540,48745452873000,0.95342433,5.3936577,9.030291,
1423841178569,48745468475206,48745466185000,1.4165162,6.2789803,9.643207,
1423841178586,48745485088540,48745479373000,1.607201,7.04172,9.997335,
1423841178596,48745494645207,48745492515000,1.525479,7.84532,10.2152605,
1423841178607,48745506181873,48745505585000,1.1441092,7.9270425,10.446807,
1423841178620,48745519316873,48745518686000,0.87170225,7.4639506,9.956474,
1423841178637,48745535688540,48745532133000,0.9125633,6.238119,9.452521,
1423841178653,48745552420207,48745545340000,1.1441092,5.3119354,8.689782,
1423841178662,48745560946874,48745558486000,1.1441092,4.440233,7.763598,
1423841178673,48745572233540,48745571581000,0.6810174,3.9362805,7.572913,
1423841178686,48745585456873,48745584801000,0.53119355,3.5957718,7.5456724,
1423841178702,48745600725207,48745598118000,0.7627395,3.8954194,7.9270425,
1423841178717,48745616528540,48745611350000,0.9942854,4.5491962,7.995144,
1423841178727,48745626596873,48745624518000,0.9125633,5.1212506,8.499097,
1423841178739,48745638235206,48745637593000,0.4903325,5.706926,8.3765135,
1423841178752,48745651363540,48745650710000,0.29964766,5.7750273,7.7363577,
1423841178767,48745666403540,48745664018000,-0.0,5.8158884,7.763598,
1423841178784,48745683255207,48745677211000,-0.19068487,6.1291566,6.851035,
1423841178794,48745692800207,48745690361000,-0.4903325,6.197258,6.428804,
1423841178805,48745704060207,48745703375000,-0.53119355,6.006573,6.347082,
1423841178818,48745717115206,48745716508000,0.14982383,5.6252036,6.578628,
1423841178835,48745734143540,48745729825000,0.5720546,5.09401,7.6137743,
1423841178849,48745748578540,48745743053000,0.7218784,4.903325,7.6546354,
1423841178858,48745757323540,48745756101000,0.25878662,4.8216033,7.84532,
1423841178871,48745769795206,48745769156000,-0.19068487,4.903325,7.4639506,
1423841178884,48745783245207,48745782628000,-0.6810174,5.1621118,7.6137743,
1423841178899,48745798553540,48745795935000,-1.0623871,5.434519,7.6546354,
1423841178916,48745815493540,48745809065000,-1.56634,5.6660647,7.3141265,
1423841178924,48745823211873,48745822373000,-1.8659877,6.0474343,7.3141265,
1423841178937,48745836178540,48745835543000,-2.0566726,6.1563973,7.3549876,
1423841178951,48745849818540,48745848851000,-2.0294318,6.428804,6.932757,
1423841178986,48745885235207,48745862150000,-1.8659877,6.537767,6.9599977,
1423841178994,48745893358540,48745875271000,-1.6344417,6.619489,7.000859,
1423841178995,48745893840207,48745888875000,-1.4437568,6.537767,7.04172,
1423841179003,48745902501873,48745902123000,-0.9942854,6.469665,6.66035,
1423841179017,48745916141873,48745915443000,-0.38136974,6.3879433,6.769313,
1423841179034,48745933473540,48745928708000,-0.29964766,6.3879433,6.701211,
1423841179058,48745956736873,48745941951000,-0.10896278,6.3198414,6.851035,
1423841179062,48745961095207,48745955335000,-0.29964766,6.3198414,6.428804,
1423841179070,48745969541873,48745968588000,-0.40861043,6.3879433,6.619489,
1423841179088,48745986768540,48745985105000,-0.5720546,6.66035,7.000859,
1423841179102,48746001140207,48745998238000,-0.10896278,7.04172,6.619489,
1423841179117,48746015725206,48746011878000,0.027240695,7.1234417,6.769313,
1423841179134,48746033488540,48746025145000,0.7627395,7.273266,6.769313,
1423841179140,48746039471873,48746038416000,0.9125633,7.4639506,8.158588,
1423841179158,48746057443540,48746051705000,0.8036005,7.273266,8.036005,
1423841179167,48746065700206,48746064946000,0.6401563,6.891896,8.117727,
1423841179181,48746079633540,48746078160000,0.5720546,6.510526,8.076866,
1423841179203,48746101778540,48746091648000,0.6810174,6.006573,8.458236,
1423841179213,48746112525207,48746104915000,0.95342433,5.706926,8.349273,
1423841179222,48746120720207,48746118691000,1.1849703,5.5434813,8.417375,
1423841179235,48746133666873,48746133068000,1.1441092,5.5434813,8.60806,
1423841179253,48746152538540,48746146648000,0.7218784,5.47538,8.689782,
1423841179275,48746174256873,48746159725000,-0.10896278,5.202973,8.036005,
1423841179277,48746176148540,48746173235000,-0.5720546,4.971427,7.8861814,
1423841179288,48746187121873,48746186391000,-1.0623871,4.739881,7.2324047,
1423841179302,48746201308540,48746199831000,-1.2258313,4.69902,6.932757,
1423841179316,48746215090207,48746213495000,-1.1849703,4.739881,7.082581,
1423841179335,48746234575207,48746227093000,-0.9942854,5.012288,7.2324047,
1423841179342,48746241470207,48746240675000,-0.9125633,5.243834,7.3549876,
1423841179356,48746254945207,48746254185000,-0.8036005,5.1621118,7.1506824,
1423841179369,48746268455206,48746267748000,-0.9125633,5.202973,6.851035,
1423841179383,48746282598540,48746281701000,-1.0215261,5.1212506,6.578628,
1423841179406,48746305196873,48746295166000,-1.0215261,4.903325,6.537767,
1423841179415,48746314046873,48746308735000,-1.0215261,4.8216033,6.578628,
1423841179433,48746331900207,48746322611000,-0.9125633,4.903325,7.000859,
1423841179439,48746337835206,48746336061000,-0.7627395,4.862464,6.851035,
1423841179460,48746358883540,48746349713000,-0.5720546,4.671779,7.000859,
1423841179466,48746365203540,48746364040000,-0.4903325,4.630918,7.1506824,
1423841179482,48746381370207,48746377518000,-0.25878662,4.5491962,7.04172,
1423841179498,48746397540206,48746391428000,-0.38136974,4.3176503,7.1506824,
1423841179508,48746407031873,48746405710000,-0.25878662,4.399372,6.932757,
1423841179522,48746421545207,48746419403000,-0.3405087,4.3176503,7.1506824,
1423841179535,48746434375207,48746433203000,-0.29964766,4.3176503,7.4639506,
1423841179549,48746448091873,48746447140000,-0.40861043,4.3176503,7.6954966,
1423841179563,48746462136873,48746461106000,-0.38136974,4.399372,7.9679036,
1423841179576,48746475470206,48746474713000,-0.29964766,4.3585114,7.804459,
1423841179591,48746489821873,48746488318000,-0.44947147,4.5900574,8.076866,
1423841179612,48746511221873,48746501558000,-0.61291564,4.671779,8.076866,
1423841179617,48746515631873,48746514983000,-0.40861043,4.5900574,8.267551,
1423841179631,48746530285207,48746528326000,-0.38136974,4.5491962,8.076866,
1423841179647,48746546270206,48746541655000,0.14982383,4.671779,7.995144,
1423841179657,48746556093540,48746555160000,0.10896278,4.69902,8.036005,
1423841179670,48746569505206,48746568655000,0.21792556,4.903325,8.185829,
1423841179690,48746589156873,48746582160000,-0.0,5.202973,7.763598,
1423841179697,48746596485206,48746595600000,-0.14982383,5.3936577,7.995144,
1423841179713,48746611910207,48746609243000,0.06810174,5.7341666,7.4230895,
1423841179730,48746629475206,48746622728000,0.21792556,5.965712,7.572913,
1423841179738,48746637335206,48746636235000,0.6810174,6.428804,7.6137743,
1423841179752,48746651508540,48746649825000,0.9125633,6.932757,7.6954966,
1423841179765,48746664011873,48746663195000,1.1032481,7.1915436,7.84532,
1423841179779,48746677848540,48746676893000,0.9125633,7.273266,7.995144,
1423841179795,48746693873540,48746690483000,0.8036005,7.000859,7.5456724,
1423841179816,48746715148540,48746703950000,0.8308412,6.469665,7.7363577,
1423841179819,48746718548540,48746717575000,1.0623871,6.0474343,7.995144,
1423841179833,48746732305207,48746731430000,1.1032481,5.8567495,8.117727,
1423841179847,48746745831873,48746745081000,0.95342433,5.5843425,8.036005,
1423841179860,48746759506873,48746758646000,0.8308412,5.5843425,8.185829,
1423841179873,48746772553540,48746772041000,0.5720546,5.7750273,8.185829,
1423841179891,48746790326874,48746785335000,0.14982383,6.3879433,7.763598,
1423841179908,48746807065206,48746798695000,-0.21792556,6.66035,7.273266,
1423841179915,48746814573540,48746812871000,-0.29964766,7.04172,7.2324047,
1423841179929,48746827705206,48746826676000,0.14982383,7.273266,6.9599977,
1423841179944,48746842740207,48746840268000,0.027240695,7.3141265,6.851035,
1423841179963,48746862531873,48746853688000,-0.06810174,7.5456724,6.891896,
1423841179969,48746868178540,48746867115000,-0.19068487,7.763598,6.851035,
1423841179984,48746882803540,48746880656000,-0.53119355,7.6137743,6.66035,
1423841179996,48746894616873,48746893930000,-0.21792556,6.9599977,6.3198414,
1423841180009,48746908581873,48746907750000,-0.19068487,6.578628,6.469665,
1423841180023,48746922575207,48746921395000,-0.027240695,5.965712,6.469665,
1423841180040,48746939501873,48746934848000,0.027240695,5.47538,6.701211,
1423841180051,48746949910206,48746948246000,0.19068487,5.1212506,6.537767,
1423841180064,48746962631873,48746961771000,0.21792556,4.971427,6.701211,
1423841180083,48746981658540,48746975168000,0.3405087,4.862464,6.619489,
1423841180091,48746990548540,48746988526000,0.44947147,4.8216033,6.537767,
1423841180106,48747005380206,48747002501000,0.027240695,4.69902,6.810174,
1423841180124,48747023328540,48747016138000,-0.10896278,4.630918,7.3822284,
1423841180131,48747030251874,48747029738000,-0.7218784,4.903325,7.3141265,
1423841180145,48747043783540,48747043046000,-0.9942854,5.202973,7.7363577,
1423841180158,48747057330206,48747056595000,-1.1032481,5.3936577,7.84532,
1423841180174,48747073366873,48747070460000,-0.9125633,5.7341666,7.572913,
1423841180186,48747085191873,48747084270000,-0.61291564,5.706926,7.4230895,
1423841180200,48747099590206,48747097798000,0.10896278,5.706926,7.6954966,
1423841180213,48747111818540,48747111070000,0.8036005,5.3527966,7.504812,
1423841180226,48747125368540,48747124693000,0.87170225,5.202973,7.1915436,
1423841180240,48747139055206,48747138203000,1.0215261,5.012288,6.9599977,
1423841180257,48747155840206,48747151758000,0.9942854,4.930566,6.578628,
1423841180267,48747166230206,48747165201000,0.7627395,5.243834,6.742072,
1423841180281,48747180470207,48747178531000,0.44947147,5.3119354,6.701211,
1423841180294,48747192790207,48747191983000,0.53119355,5.243834,6.932757,
1423841180307,48747206168540,48747205328000,0.44947147,4.930566,6.619489,
1423841180322,48747220625207,48747219101000,0.29964766,4.971427,6.428804,
1423841180339,48747238308540,48747232911000,0.25878662,4.930566,6.619489,
1423841180355,48747254280207,48747246265000,0.25878662,4.903325,6.932757,
1423841180363,48747261866873,48747260721000,0.44947147,4.862464,7.273266,
1423841180376,48747275176873,48747274190000,0.38136974,4.930566,7.1234417,
1423841180394,48747293288540,48747287535000,0.53119355,4.930566,7.1506824,
1423841180404,48747302718540,48747301811000,0.7627395,4.508335,7.5456724,
1423841180419,48747318010206,48747316091000,0.8308412,4.3176503,7.763598,
1423841180441,48747339745206,48747329458000,1.253072,4.167826,7.7363577,
1423841180446,48747345403540,48747343273000,1.253072,4.3176503,8.117727,
1423841180459,48747357808540,48747356776000,1.253072,4.5900574,8.689782,
1423841180477,48747376065206,48747370208000,1.1849703,4.862464,8.798744,
1423841180487,48747385688540,48747383641000,1.0623871,4.69902,9.493382,
1423841180505,48747404226873,48747397908000,1.1032481,4.508335,8.689782,
1423841180523,48747422138540,48747411325000,1.2258313,4.2904096,8.962189,
1423841180527,48747425785206,48747424846000,1.4165162,4.2086873,8.648921,
1423841180551,48747450386874,48747438353000,1.7978859,4.2904096,8.962189,
1423841180554,48747453545207,48747451761000,1.7978859,4.399372,8.962189,
1423841180576,48747475068540,48747465270000,1.607201,4.2495484,8.880466,
1423841180590,48747489555206,48747479096000,1.293933,3.9362805,8.730643,
1423841180595,48747494591873,48747492825000,1.6753027,3.9771416,8.989429,
1423841180608,48747507033540,48747506218000,1.8659877,4.0180025,8.730643,
1423841180622,48747520693540,48747519731000,1.6753027,4.1269655,8.417375,
1423841180636,48747535016873,48747533510000,1.484618,4.0861044,8.689782,
1423841180654,48747552961873,48747546698000,1.484618,3.9362805,8.798744,
1423841180669,48747568596873,48747560625000,1.7161638,3.7864566,8.689782,
1423841180679,48747578408540,48747573945000,1.9477097,3.8273177,8.962189,
1423841180705,48747603936873,48747587520000,2.1383946,3.8954194,8.921328,
1423841180706,48747604746873,48747600810000,2.0566726,4.0180025,8.730643,
1423841180726,48747624986873,48747614110000,2.0294318,3.8681788,8.839605,
1423841180729,48747628368540,48747627635000,2.0566726,3.8681788,8.880466,
1423841180743,48747641986873,48747641100000,2.2882185,3.7864566,9.302697,
1423841180756,48747655300206,48747654531000,2.1792557,3.8681788,9.956474,
1423841180773,48747672431873,48747667913000,1.9885708,3.8954194,9.343558,
1423841180786,48747684793540,48747681588000,1.525479,3.8954194,9.112013,
1423841180814,48747712981873,48747694961000,1.1849703,3.636633,8.798744,
1423841180815,48747714520207,48747708583000,1.1441092,3.5140498,8.60806,
1423841180823,48747722400207,48747721778000,1.2258313,3.3642259,8.580819,
1423841180837,48747736105206,48747735443000,1.4437568,3.3233647,8.458236,
1423841180850,48747749318539,48747748703000,1.607201,3.3233647,8.648921,
1423841180865,48747763861873,48747762286000,1.2258313,3.4731886,8.880466,
1423841180881,48747780171874,48747775676000,0.95342433,3.636633,8.989429,
1423841180891,48747789780206,48747788843000,1.1032481,3.5140498,9.112013,
1423841180904,48747803426873,48747802693000,0.9942854,3.405087,9.384419,
1423841180918,48747817343540,48747816633000,0.87170225,2.9419951,9.915613,
1423841180937,48747836408540,48747830196000,0.9942854,2.7921712,10.446807,
1423841180946,48747844726873,48747843810000,1.334794,2.7921712,10.61025,
1423841180967,48747866430206,48747857261000,0.95342433,2.8330324,10.8281765,
1423841180972,48747871590207,48747870800000,0.25878662,2.8602731,10.56939,
1423841180988,48747887566873,48747884376000,-0.9125633,2.7104492,10.106298,
1423841181002,48747901563540,48747897821000,-2.4108016,2.5606253,9.493382,
1423841181014,48747912733540,48747911410000,-3.405087,2.3699405,9.302697,
1423841181030,48747929295206,48747924851000,-3.636633,2.1792557,9.112013,
1423841181040,48747938915206,48747938186000,-3.0645783,1.7570249,9.724928,
1423841181054,48747953456873,48747951913000,-1.0215261,0.87170225,10.065437,
1423841181075,48747973866873,48747965421000,0.06810174,-0.21792556,10.106298,
1423841181080,48747979551873,48747978915000,0.38136974,-0.9125633,10.106298,
1423841181102,48748000965207,48747992303000,0.21792556,-1.525479,9.452521,
1423841181120,48748019316873,48748005913000,0.19068487,-1.7978859,9.534244,
1423841181127,48748026498540,48748019911000,0.10896278,-1.8387469,9.112013,
1423841181135,48748034591873,48748033718000,0.06810174,-1.607201,9.575105,
1423841181149,48748047980206,48748047040000,-0.14982383,-1.1849703,9.575105,
1423841181168,48748066676873,48748060760000,-0.87170225,-0.87170225,9.724928,
1423841181186,48748084693540,48748074125000,-1.484618,-0.7218784,9.302697,
1423841181190,48748088795206,48748087766000,-1.8387469,-0.7627395,8.689782,
1423841181207,48748105746873,48748101446000,-2.3699405,-0.9125633,8.3765135,
1423841181216,48748115370206,48748114761000,-2.7513103,-0.87170225,7.995144,
1423841181233,48748131963540,48748128230000,-3.13268,-0.53119355,8.036005,
1423841181250,48748148678539,48748141725000,-3.173541,-0.21792556,8.3765135,
1423841181268,48748166891873,48748156903000,-2.982856,0.10896278,8.417375,
1423841181273,48748171973540,48748170740000,-2.7513103,0.25878662,9.493382,
1423841181290,48748189276873,48748184448000,-2.6014864,0.8036005,9.452521,
1423841181300,48748198906873,48748197738000,-2.5197644,1.484618,9.343558,
1423841181315,48748214506873,48748211190000,-2.7104492,1.7161638,9.112013,
1423841181333,48748232173540,48748224805000,-2.8330324,1.9477097,8.962189,
1423841181351,48748250485207,48748238363000,-2.669588,1.9068487,8.771504,
1423841181356,48748255555206,48748252153000,-2.6423476,1.8387469,8.771504,
1423841181367,48748265788540,48748265368000,-2.901134,1.2258313,8.580819,
1423841181389,48748288121873,48748278895000,-2.9419951,0.61291564,8.076866,
1423841181394,48748293215207,48748292470000,-3.0645783,0.0,7.995144,
1423841181414,48748312963540,48748305686000,-3.0645783,0.06810174,8.117727,
1423841181430,48748329155206,48748319175000,-2.7513103,0.38136974,8.185829,
1423841181435,48748334326873,48748333106000,-2.2473574,1.0215261,8.417375,
1423841181460,48748359080206,48748346575000,-1.7570249,1.484618,8.308413,
1423841181462,48748361363540,48748360135000,-1.7978859,1.7978859,8.267551,
1423841181484,48748383511873,48748373695000,-1.525479,1.525479,7.9270425,
1423841181499,48748397658540,48748387101000,-1.1849703,1.253072,7.9270425,
1423841181503,48748401663540,48748400728000,-0.29964766,1.4437568,8.076866,
1423841181527,48748425940206,48748414111000,0.21792556,1.8659877,8.3765135,
1423841181530,48748429021873,48748427510000,0.9125633,2.2473574,8.3765135,
1423841181547,48748446108540,48748441208000,0.027240695,2.4789033,7.763598,
1423841181566,48748465091873,48748454521000,-1.2258313,2.7104492,8.036005,
1423841181570,48748469221873,48748468135000,-2.7104492,2.901134,8.499097,
1423841181593,48748492321873,48748481925000,-3.5549107,2.7921712,8.499097,
1423841181597,48748496153540,48748495348000,-4.1269655,2.5606253,9.80665,
1423841181617,48748516040206,48748508876000,-4.4810944,2.9419951,9.874752,
1423841181630,48748529025206,48748522483000,-5.09401,3.5957718,9.915613,
1423841181638,48748537026873,48748536110000,-5.3119354,3.9362805,10.337844,
1423841181653,48748552536873,48748549681000,-4.630918,3.5549107,9.956474,
1423841181665,48748563971873,48748563191000,-3.7047346,2.982856,9.833891,
1423841181678,48748577468540,48748576678000,-2.3699405,2.3290794,9.261836,
1423841181696,48748595015206,48748590325000,-1.56634,1.6753027,9.030291,
1423841181714,48748612796873,48748603798000,0.3405087,1.4437568,9.193735,
1423841181722,48748620820207,48748617253000,1.6753027,1.484618,9.684067,
1423841181735,48748633653540,48748631351000,2.0566726,1.7570249,9.724928,
1423841181746,48748645338540,48748644661000,1.9068487,1.7570249,9.384419,
1423841181760,48748659165206,48748658571000,1.6753027,1.7570249,8.921328,
1423841181776,48748675481873,48748672831000,1.484618,1.3756552,8.036005,
1423841181795,48748694328540,48748686508000,1.334794,0.7218784,8.158588,
1423841181802,48748701241873,48748700140000,1.484618,0.3405087,7.7363577,
1423841181816,48748714996873,48748713715000,1.607201,0.3405087,7.8861814,
1423841181829,48748727873540,48748727265000,1.4165162,0.38136974,7.6546354,
1423841181853,48748751701873,48748740703000,1.1441092,0.21792556,7.000859,
1423841181856,48748755058540,48748754120000,0.6401563,0.10896278,6.769313,
1423841181875,48748774351873,48748767756000,0.61291564,0.027240695,6.578628,
1423841181899,48748797815206,48748781735000,0.8308412,-0.027240695,6.810174,
1423841181909,48748807970206,48748795195000,1.1849703,0.027240695,6.701211,
1423841181912,48748811033540,48748808608000,1.1441092,0.21792556,6.619489,
1423841181926,48748824878540,48748822020000,0.9942854,0.44947147,7.1915436,
1423841181942,48748840668540,48748835276000,0.9942854,1.1032481,7.1915436,
1423841181962,48748861505207,48748848866000,1.1849703,1.334794,7.3822284,
1423841181966,48748864896873,48748862691000,1.525479,1.525479,8.267551,
1423841181988,48748886958540,48748876035000,1.8659877,1.8387469,8.60806,
1423841181992,48748890910207,48748889588000,1.607201,1.9068487,9.112013,
1423841182013,48748912368540,48748903130000,1.0215261,2.2882185,8.771504,
1423841182027,48748926153540,48748916661000,0.7218784,2.3290794,8.580819,
1423841182033,48748932108540,48748931120000,0.29964766,2.2473574,9.152874,
1423841182049,48748948246873,48748944593000,0.14982383,1.7570249,9.071152,
1423841182059,48748958531873,48748957898000,-0.29964766,1.334794,8.22669,
1423841182075,48748974346873,48748971621000,-1.0623871,0.9942854,7.6137743,
1423841182094,48748992613540,48748984970000,-1.7161638,1.1032481,7.9679036,
1423841182100,48748999600206,48748998505000,-1.9477097,1.484618,8.417375,
1423841182113,48749012325207,48749011595000,-1.293933,1.6753027,8.267551,
1423841182127,48749025735206,48749024815000,-0.9942854,1.8387469,8.458236,
1423841182145,48749044258540,48749037950000,-0.3405087,1.9477097,8.648921,
1423841182153,48749052051873,48749051128000,0.027240695,2.3699405,8.349273,
1423841182166,48749065190206,48749064415000,0.19068487,3.214402,8.798744,
1423841182179,48749078290206,48749077586000,1.7978859,4.440233,14.818938,
1423841182192,48749091526873,48749090806000,3.5140498,4.3176503,13.0619135,
1423841182209,48749108448539,48749104416000,4.862464,4.3176503,10.446807,
1423841182237,48749136210206,48749118071000,4.3585114,3.9771416,11.141444,
1423841182238,48749137366873,48749131921000,4.508335,3.091819,13.783792,
1423841182248,48749146761873,48749145411000,6.537767,4.4810944,11.9450445,
1423841182260,48749159480206,48749158801000,5.7341666,4.780742,11.182305,
1423841182274,48749173041873,48749172275000,4.862464,2.3290794,10.760075,
1423841182289,48749188603539,48749185645000,3.9362805,1.7570249,8.117727,
1423841182317,48749215635206,48749198950000,3.3233647,1.3756552,7.6137743,
1423841182318,48749216895206,48749212576000,3.13268,1.0623871,7.763598,
1423841182328,48749227101873,48749226156000,2.669588,1.56634,7.804459,
1423841182353,48749251926873,48749239971000,2.4516625,2.0294318,8.798744,
1423841182358,48749257473540,48749253511000,2.7513103,2.3699405,9.071152,
1423841182376,48749275161873,48749267193000,2.6423476,2.4789033,9.41166,
1423841182389,48749287680206,48749280578000,2.982856,2.5197644,8.880466,
1423841182396,48749295210206,48749294106000,3.405087,2.2882185,8.798744,
1423841182415,48749314590206,48749307850000,3.9362805,2.0294318,8.499097,
1423841182423,48749322043540,48749321493000,4.2495484,1.56634,8.3765135,
1423841182439,48749338123539,48749334933000,4.0588636,1.1849703,8.689782,
1423841182452,48749351058540,48749348238000,3.8681788,0.87170225,8.499097,
1423841182463,48749362521873,48749361676000,3.3233647,1.0623871,8.117727,
1423841182477,48749375791873,48749375165000,2.7104492,1.0623871,8.458236,
1423841182490,48749389205206,48749388241000,2.7513103,1.2258313,8.730643,
1423841182503,48749402481873,48749401756000,2.669588,1.1849703,8.730643,
1423841182520,48749418840206,48749415335000,2.3699405,0.9942854,8.839605,
1423841182538,48749437485206,48749428686000,1.8387469,1.253072,9.684067,
1423841182544,48749443428540,48749442488000,1.484618,1.3756552,9.030291,
1423841182558,48749457181873,48749456268000,0.8036005,1.4437568,8.580819,
1423841182575,48749473790207,48749469726000,0.3405087,1.525479,8.798744,
1423841182586,48749484815206,48749483706000,0.29964766,1.4165162,10.296983,
1423841182600,48749498638539,48749497340000,0.61291564,1.7161638,9.956474,
1423841182620,48749519590206,48749510798000,0.4903325,1.3756552,9.602345,
1423841182626,48749525411873,48749524536000,-0.25878662,0.6810174,8.185829,
1423841182640,48749538888539,48749537968000,-0.8308412,0.38136974,8.499097,
1423841182653,48749552571873,48749551758000,-0.53119355,1.0215261,9.261836,
1423841182675,48749574573540,48749565078000,0.25878662,1.0215261,9.724928,
1423841182680,48749579433539,48749578468000,0.06810174,1.9477097,9.193735,
1423841182694,48749593080207,48749591803000,0.87170225,1.334794,9.152874,
1423841182707,48749606176873,48749605183000,0.7627395,1.8659877,8.689782,
1423841182728,48749626990206,48749618490000,1.1032481,1.9068487,8.771504,
1423841182734,48749632818540,48749632131000,1.7570249,1.6753027,9.112013,
1423841182752,48749651150207,48749645431000,1.8387469,1.6344417,8.989429,
1423841182770,48749669170206,48749658845000,1.1441092,2.0975335,8.962189,
1423841182774,48749673570207,48749672625000,0.44947147,2.6014864,8.730643,
1423841182789,48749688520206,48749686181000,0.25878662,2.669588,8.648921,
1423841182809,48749708593539,48749699728000,0.7627395,2.2473574,8.499097,
1423841182815,48749713925206,48749713226000,1.334794,2.2473574,8.580819,
1423841182834,48749733443540,48749726743000,2.0294318,2.2473574,8.880466,
1423841182843,48749742465207,48749740111000,2.6014864,2.1383946,9.602345,
1423841182861,48749760165207,48749753630000,3.405087,1.6344417,8.267551,
1423841182869,48749767981873,48749767151000,3.3233647,1.56634,9.493382,
1423841182887,48749786078540,48749780571000,3.2825038,1.525479,8.076866,
1423841182895,48749794611873,48749794025000,2.4789033,1.7570249,9.384419,
1423841182914,48749812621873,48749807176000,3.255263,1.9885708,7.8861814,
1423841182922,48749821558540,48749820906000,2.7513103,2.0294318,9.152874,
1423841182936,48749835538540,48749834283000,2.9419951,2.0566726,8.349273,
1423841182950,48749848738539,48749847805000,2.2882185,1.6753027,9.643207,
1423841182969,48749867860206,48749861178000,2.2882185,1.4437568,8.267551,
1423841182977,48749875735206,48749874501000,1.6753027,1.525479,9.452521,
1423841182990,48749888945206,48749888023000,1.9477097,1.9477097,8.22669,
1423841183003,48749902090207,48749901200000,2.0566726,1.9477097,9.193735,
1423841183016,48749915330206,48749914406000,2.4108016,1.9477097,8.349273,
1423841183033,48749931631873,48749927898000,2.0566726,1.607201,9.071152,
1423841183048,48749947508539,48749941273000,2.2473574,1.6753027,8.962189,
1423841183056,48749955578540,48749954515000,2.0975335,1.525479,8.989429,
1423841183070,48749968813539,48749967788000,2.2473574,1.7570249,9.071152,
1423841183086,48749985201873,48749981130000,2.3699405,1.7161638,8.880466,
1423841183104,48750003593540,48749994481000,2.4108016,1.9477097,8.798744,
1423841183110,48750008948539,48750007968000,2.4108016,1.4437568,8.499097,
1423841183124,48750022825207,48750021561000,2.3290794,1.3756552,8.60806,
1423841183137,48750035621873,48750034786000,2.3699405,1.3756552,8.580819,
1423841183150,48750048865206,48750048126000,2.2201166,1.334794,8.989429,
1423841183166,48750065250206,48750061846000,2.2473574,1.6344417,9.193735,
1423841183185,48750083678540,48750075331000,2.2201166,1.8387469,9.343558,
1423841183191,48750089971873,48750088758000,2.2473574,1.8387469,8.60806,
1423841183205,48750103635206,48750102268000,2.2473574,1.6753027,8.580819,
1423841183217,48750116520206,48750115610000,2.2201166,1.6344417,8.185829,
1423841183233,48750132053540,48750129173000,2.4108016,1.56634,8.648921,
1423841183249,48750147691873,48750142723000,2.6014864,1.6344417,8.580819,
1423841183265,48750163645206,48750156323000,2.669588,1.6344417,9.030291,
1423841183271,48750170293540,48750169468000,2.6423476,1.7978859,8.60806,
1423841183285,48750184208540,48750183526000,2.4516625,1.525479,8.580819,
1423841183298,48750197470206,48750196845000,2.2882185,1.56634,8.648921,
1423841183314,48750213581873,48750211635000,2.2882185,1.607201,8.921328,
1423841183335,48750233633540,48750224938000,2.3699405,1.56634,8.580819,
1423841183340,48750239136873,48750238226000,2.5197644,1.4437568,8.771504,
1423841183354,48750252871873,48750251673000,2.4516625,1.484618,8.771504,
1423841183366,48750265430206,48750264883000,2.2201166,1.484618,8.798744,
1423841183380,48750279578539,48750278595000,2.3699405,1.56634,8.580819,
1423841183400,48750298998539,48750292168000,2.2882185,1.3756552,8.962189,
1423841183407,48750306383540,48750305526000,2.4516625,1.4165162,8.730643,
1423841183422,48750321463540,48750319141000,2.2473574,1.607201,8.962189,
1423841183434,48750333558540,48750332753000,2.2201166,1.8387469,8.689782,
1423841183448,48750346995206,48750346223000,2.1792557,1.7161638,8.730643,
1423841183464,48750363555206,48750359800000,2.3290794,1.7978859,9.112013,
1423841183480,48750379338539,48750373491000,2.5197644,1.7161638,8.880466,
1423841183489,48750387931873,48750386980000,2.6423476,1.607201,9.302697,
1423841183503,48750401623540,48750400716000,2.3699405,1.4437568,9.343558,
1423841183516,48750414870206,48750414058000,2.1383946,1.56634,9.915613,
1423841183529,48750428511873,48750427676000,2.2882185,1.7978859,12.13573,
1423841183545,48750444573540,48750441198000,3.636633,1.4437568,14.015338,
1423841183564,48750462945207,48750454763000,3.5957718,1.9068487,15.935807,
1423841183570,48750469011873,48750468131000,0.9942854,-1.484618,19.381754,
1423841183585,48750484315206,48750483101000,0.53119355,2.3290794,15.540816,
1423841183598,48750497256873,48750496480000,-0.29964766,3.9362805,17.311462,
1423841183612,48750511096873,48750510000000,0.14982383,4.8216033,19.218311,
1423841183628,48750526988540,48750523566000,0.6810174,5.965712,19.531578,
1423841183645,48750544146873,48750537158000,0.87170225,6.0474343,18.115063,
1423841183652,48750551313540,48750550491000,0.7218784,4.8216033,14.314985,
1423841183666,48750564783540,48750563980000,0.06810174,2.8602731,12.5579605,
1423841183686,48750585465206,48750577395000,-0.06810174,2.2882185,10.337844,
1423841183693,48750591636873,48750590813000,0.44947147,2.4789033,10.147159,
1423841183713,48750612065207,48750604451000,1.6344417,2.982856,10.378705,
1423841183732,48750630698540,48750618125000,2.6423476,3.173541,8.60806,
1423841183749,48750648323539,48750633018000,3.4731886,2.7104492,6.742072,
1423841183752,48750651250207,48750646748000,3.3642259,1.7570249,4.780742,
1423841183766,48750665598540,48750662495000,2.8602731,0.5720546,3.0237172,
1423841183777,48750676006873,48750675488000,2.0294318,-0.7627395,2.0566726,
1423841183790,48750689143539,48750688551000,1.253072,-1.6344417,2.0975335,
1423841183807,48750706031873,48750701768000,0.8308412,-2.0975335,1.8387469,
1423841183816,48750715333540,48750714785000,-0.14982383,-2.0566726,2.0294318,
1423841183830,48750728623539,48750727928000,-0.44947147,-2.2201166,1.8387469,
1423841183843,48750742230207,48750741493000,-0.3405087,-2.6423476,1.293933,
1423841183859,48750757870206,48750754960000,-0.6810174,-3.3233647,0.7218784,
1423841183870,48750769411873,48750768328000,-1.4437568,-3.636633,0.40861043,
1423841183886,48750784770206,48750783140000,-2.1792557,-3.8273177,0.8308412,
1423841183898,48750797223539,48750796436000,-2.1383946,-4.2495484,1.484618,
1423841183912,48750810881873,48750809763000,-1.8387469,-4.5900574,1.607201,
1423841183927,48750825788540,48750823858000,-1.607201,-4.69902,1.1032481,
1423841183943,48750841685207,48750837303000,-1.6344417,-4.5491962,0.61291564,
1423841183952,48750851556873,48750850681000,-1.7570249,-4.4810944,0.44947147,
1423841183967,48750866051873,48750864053000,-2.0294318,-4.2904096,-0.06810174,
1423841183979,48750878496873,48750877575000,-2.1792557,-3.7455957,-1.0623871,
1423841184000,48750899523539,48750891228000,-1.6344417,-3.2825038,-0.8036005,
1423841184008,48750907140206,48750905131000,-0.29964766,-2.982856,-0.8308412,
1423841184037,48750936598540,48750919015000,0.027240695,-2.3290794,-1.6344417,
1423841184039,48750938178539,48750935828000,0.29964766,-1.3756552,-2.4516625,
1423841184055,48750953683540,48750949065000,0.6810174,-0.7627395,-2.7921712,
1423841184064,48750962801873,48750962218000,0.6810174,0.027240695,-3.636633,
1423841184077,48750975685206,48750975193000,0.7218784,0.5720546,-4.508335,
1423841184090,48750989380206,48750988391000,0.44947147,1.9477097,-4.399372,
1423841184106,48751004616873,48751001808000,0.027240695,3.5140498,-3.405087,
1423841184123,48751022340207,48751015095000,-0.7218784,4.5900574,-6.66035,
1423841184130,48751029085206,48751028305000,-1.9477097,7.04172,-9.956474,
1423841184144,48751042680207,48751041941000,-0.40861043,8.60806,-4.862464,
1423841184163,48751062275207,48751055400000,6.1291566,12.898469,1.293933,
1423841184170,48751069566873,48751068743000,19.531578,19.531578,-19.531578,
1423841184194,48751093363540,48751082878000,11.223166,-7.2324047,19.531578,
1423841184207,48751106390206,48751096430000,-9.575105,-0.027240695,10.065437,
1423841184212,48751111093540,48751109908000,-6.810174,1.1441092,-19.531578,
1423841184230,48751128903539,48751123536000,3.8954194,-12.217452,-9.643207,
1423841184240,48751138743539,48751136948000,3.255263,-7.000859,1.9477097,
1423841184255,48751153853540,48751150456000,2.6423476,-4.0588636,2.901134,
1423841184273,48751171650207,48751163891000,1.484618,1.293933,8.771504,
1423841184279,48751178146873,48751177350000,2.669588,12.217452,19.531578,
1423841184293,48751192313540,48751191191000,13.252599,12.4489975,-2.7513103,
1423841184312,48751211536873,48751204593000,-2.901134,6.701211,17.570248,
1423841184320,48751218770206,48751217970000,0.5720546,4.2495484,14.437569,
1423841184338,48751237215206,48751232373000,5.7341666,2.4789033,11.059722,
1423841184355,48751253615206,48751245851000,2.3699405,2.3290794,10.760075,
1423841184361,48751260115207,48751259185000,0.027240695,2.4108016,10.528529,
1423841184374,48751273595206,48751272755000,-0.19068487,2.0294318,10.147159,
1423841184397,48751295861873,48751286185000,0.14982383,1.1441092,9.643207,
1423841184402,48751300878540,48751299716000,0.027240695,0.87170225,9.193735,
1423841184421,48751320513540,48751313145000,-0.38136974,0.87170225,8.921328,
1423841184428,48751327048539,48751326543000,-0.53119355,0.7218784,8.267551,
1423841184442,48751340866873,48751339906000,-0.14982383,0.6810174,9.220976,
1423841184455,48751354460206,48751353636000,0.19068487,0.9942854,8.921328,
1423841184475,48751373966873,48751366981000,0.7218784,0.95342433,9.112013,
1423841184483,48751382186873,48751381148000,0.9125633,0.8036005,9.071152,
1423841184497,48751395900206,48751394920000,0.53119355,0.53119355,8.771504,
1423841184510,48751408870206,48751408361000,0.06810174,0.3405087,8.267551,
1423841184523,48751422606873,48751421768000,-0.21792556,0.0,8.458236,
1423841184552,48751450755207,48751441811000,-0.5720546,-0.027240695,7.9679036,
1423841184558,48751457586873,48751455278000,-0.8036005,-0.14982383,7.9679036,
1423841184575,48751473825206,48751468943000,-0.9125633,-0.25878662,7.763598,
1423841184586,48751485425206,48751482596000,-0.87170225,-0.4903325,7.804459,
1423841184602,48751501468540,48751495816000,-0.6401563,-0.61291564,7.7363577,
1423841184612,48751511033540,48751508938000,-0.4903325,-0.61291564,7.572913,
1423841184624,48751522661873,48751522045000,-0.53119355,-0.7627395,7.2324047,
1423841184637,48751535983540,48751535318000,-0.40861043,-0.8036005,7.4639506,
1423841184652,48751551460207,48751548638000,-0.21792556,-0.53119355,8.308413,
1423841184668,48751566790206,48751561950000,0.4903325,-0.3405087,8.539958,
1423841184679,48751577856873,48751575031000,0.7218784,-0.7627395,8.158588,
1423841184690,48751588743539,48751588105000,0.3405087,-1.1441092,7.8861814,
1423841184703,48751602091873,48751601483000,-0.29964766,-1.334794,7.5456724,
1423841184719,48751617756873,48751614770000,-1.0215261,-1.3756552,7.6137743,
1423841184735,48751634123540,48751627983000,-1.2258313,-1.4437568,7.9270425,
1423841184744,48751643466873,48751641118000,-1.0215261,-1.4165162,8.158588,
1423841184756,48751654831873,48751654166000,-0.8036005,-1.3756552,8.185829,
1423841184769,48751668120206,48751667451000,-0.7627395,-1.4165162,8.267551,
1423841184785,48751684055206,48751680921000,-0.6810174,-1.253072,8.539958,
1423841184801,48751700296873,48751694136000,-0.7218784,-1.293933,8.689782,
1423841184810,48751709566873,48751707308000,-1.0623871,-1.253072,8.458236,
1423841184822,48751721068540,48751720415000,-1.293933,-1.3756552,8.22669,
1423841184852,48751750985207,48751733758000,-1.6344417,-1.3756552,8.458236,
1423841184853,48751752543540,48751746870000,-1.56634,-1.4437568,8.417375,
1423841184867,48751766223540,48751760130000,-1.2258313,-1.4165162,8.798744,
1423841184875,48751774148540,48751773306000,-1.0215261,-1.484618,8.580819,
1423841184888,48751786996873,48751786391000,-1.0215261,-1.56634,8.771504,
1423841184901,48751800571873,48751799651000,-1.1849703,-1.56634,9.220976,
1423841184916,48751815306873,48751812968000,-0.95342433,-1.525479,8.689782,
1423841184933,48751832051873,48751826181000,-0.9125633,-1.3756552,8.962189,
1423841184948,48751846896873,48751839316000,-1.0215261,-1.484618,9.030291,
1423841184954,48751853078540,48751852446000,-1.1032481,-1.484618,9.071152,
1423841184967,48751866286873,48751865616000,-1.0623871,-1.3756552,9.071152,
1423841184982,48751881543540,48751878961000,-0.8036005,-1.4165162,9.220976,
1423841184998,48751897148539,48751892136000,-0.7218784,-1.56634,8.962189,
1423841185008,48751907270206,48751905313000,-0.8308412,-1.4165162,9.534244,
1423841185020,48751918988539,48751918381000,-0.8308412,-1.293933,10.024576,
1423841185033,48751932426873,48751931760000,-0.87170225,-1.4165162,9.452521,
1423841185049,48751947743539,48751945083000,-0.9125633,-1.293933,9.071152,
1423841185064,48751963358540,48751958256000,-1.1441092,-1.3756552,8.921328,
1423841185074,48751973361873,48751971456000,-0.9125633,-1.4437568,8.798744,
1423841185086,48751985156873,48751984483000,-0.95342433,-1.56634,8.798744,
1423841185099,48751998431873,48751997593000,-0.87170225,-1.6344417,8.839605,
1423841185114,48752013281873,48752011063000,-0.95342433,-1.56634,8.798744,
1423841185130,48752029230206,48752024248000,-0.8308412,-1.56634,8.798744,
1423841185140,48752039430206,48752037368000,-0.6810174,-1.525479,8.730643,
1423841185152,48752051238540,48752050581000,-0.7218784,-1.484618,8.989429,
1423841185165,48752064333540,48752063693000,-0.7627395,-1.525479,9.220976,
1423841185180,48752079035206,48752077023000,-0.8308412,-1.4165162,9.071152,
1423841185196,48752095351873,48752090195000,-0.8308412,-1.4165162,8.962189,
1423841185206,48752105450206,48752103401000,-0.87170225,-1.4165162,8.921328,
1423841185218,48752117085206,48752116471000,-0.8036005,-1.293933,8.921328,
1423841185232,48752131176873,48752129586000,-0.7627395,-1.0623871,8.962189,
1423841185247,48752146250206,48752142918000,-0.5720546,-0.9125633,9.112013,
1423841185262,48752161588540,48752156088000,-0.53119355,-0.8036005,9.343558,
1423841185272,48752171548540,48752169195000,-0.6401563,-0.7218784,9.643207,
1423841185285,48752184430206,48752182846000,-0.8308412,-0.87170225,9.452521,
1423841185298,48752196666873,48752196050000,-0.9125633,-0.9942854,8.962189,
1423841185313,48752211955207,48752209390000,-1.0215261,-1.1032481,8.880466,
1423841185330,48752228850206,48752222680000,-1.253072,-1.4437568,8.3765135,
1423841185337,48752236360206,48752235736000,-1.293933,-1.484618,8.349273,
1423841185351,48752249680206,48752248848000,-0.87170225,-1.8387469,8.308413,
1423841185364,48752262978540,48752262196000,-0.87170225,-1.7570249,8.648921,
1423841185379,48752278563539,48752275498000,-0.44947147,-1.6753027,8.60806,
1423841185395,48752294500206,48752288713000,-0.8036005,-1.6344417,8.880466,
1423841185405,48752303628540,48752302005000,-0.6810174,-1.1849703,9.724928,
1423841185417,48752315711873,48752315050000,-0.8308412,-0.9125633,10.419566,
1423841185430,48752328795206,48752328163000,-0.9942854,-0.53119355,10.760075,
1423841185446,48752344765206,48752341550000,-0.95342433,-0.29964766,10.487668,
1423841185461,48752359746872,48752354768000,-0.7627395,-0.14982383,10.61025,
1423841185471,48752369868539,48752367915000,-0.38136974,-0.40861043,10.991621,
1423841185483,48752382335207,48752381643000,0.14982383,-0.29964766,11.291268,
1423841185496,48752395341873,48752394748000,0.21792556,-0.21792556,11.413852,
1423841185510,48752409595206,48752408078000,0.38136974,-0.21792556,10.869038,
1423841185527,48752425978540,48752421258000,0.38136974,0.027240695,11.141444,
1423841185537,48752436200206,48752434316000,0.29964766,0.027240695,11.3321295,
1423841185549,48752447968539,48752447345000,0.10896278,0.19068487,11.413852,
1423841185562,48752461245207,48752460611000,-0.14982383,0.14982383,11.182305,
1423841185577,48752475868540,48752473928000,-0.53119355,0.21792556,10.95076,
1423841185593,48752492226873,48752487078000,-0.6810174,0.5720546,11.100583,
1423841185603,48752502188540,48752500245000,-0.9942854,1.1032481,10.8281765,
1423841185615,48752513931873,48752513295000,-1.0623871,1.56634,10.909899,
1423841185628,48752527286873,48752526416000,-0.9942854,1.6344417,10.446807,
1423841185644,48752542891873,48752539745000,-0.87170225,1.56634,9.684067,
1423841185659,48752558081873,48752552980000,-0.7627395,1.334794,9.493382,
1423841185669,48752568201873,48752566081000,-0.40861043,1.1032481,8.22669,
1423841185681,48752579775206,48752579161000,-0.06810174,0.7627395,6.701211,
1423841185694,48752592983540,48752592331000,0.5720546,0.21792556,6.537767,
1423841185709,48752608000206,48752605658000,0.8308412,0.027240695,6.537767,
1423841185726,48752625006873,48752618843000,1.484618,-0.027240695,6.810174,
1423841185736,48752634716873,48752632541000,1.9885708,0.06810174,7.1506824,
1423841185747,48752646231873,48752645606000,2.9419951,0.10896278,7.3549876,
1423841185760,48752659346873,48752658718000,4.167826,-0.10896278,7.5456724,
1423841185775,48752674281873,48752672093000,4.780742,-0.44947147,7.6546354,
1423841185793,48752692213540,48752685261000,4.780742,-1.1441092,7.7363577,
1423841185802,48752700845207,48752698415000,4.630918,-1.4437568,7.8861814,
1423841185813,48752712223540,48752711533000,4.2495484,-1.6344417,7.273266,
1423841185826,48752725415206,48752724786000,4.2086873,-1.9885708,6.66035,
1423841185842,48752740918540,48752738121000,4.2086873,-2.2473574,7.1915436,
1423841185857,48752756535206,48752751296000,3.7455957,-2.6423476,7.1234417,
1423841185868,48752766631873,48752764421000,3.636633,-3.0237172,7.2324047,
1423841185879,48752778126873,48752777480000,3.2825038,-3.7864566,7.7363577,
1423841185892,48752791591873,48752790711000,2.901134,-3.5957718,7.9270425,
1423841185907,48752806460206,48752804023000,1.9885708,-3.173541,8.117727,
1423841185924,48752823521873,48752817216000,1.4437568,-2.7104492,8.185829,
1423841185934,48752832945206,48752830746000,1.484618,-2.7104492,7.995144,
1423841185945,48752844510206,48752843858000,1.8659877,-2.9419951,8.308413,
1423841185959,48752857781873,48752857191000,2.1792557,-3.13268,8.458236,
1423841185975,48752874325206,48752870440000,1.8659877,-2.7921712,7.6137743,
1423841185991,48752889833539,48752884048000,2.0566726,-2.4108016,7.5456724,
1423841186000,48752899121873,48752897136000,2.901134,-1.7978859,8.036005,
1423841186012,48752910966873,48752910298000,3.445948,-1.3756552,9.030291,
1423841186025,48752924071873,48752923450000,4.1269655,-1.1032481,10.065437,
1423841186040,48752939243539,48752936778000,4.1269655,-1.293933,11.141444,
1423841186056,48752955283540,48752949963000,4.2495484,-1.4437568,11.413852,
1423841186066,48752965398540,48752963251000,4.2495484,-1.4165162,10.256122,
1423841186078,48752976958539,48752976315000,3.5549107,-1.4437568,9.997335,
1423841186091,48752990250207,48752989455000,2.7921712,-1.607201,9.193735,
1423841186106,48753004873540,48753002906000,2.2473574,-1.525479,8.539958,
1423841186123,48753022008540,48753016068000,1.7161638,-1.7161638,8.267551,
1423841186133,48753031686873,48753029240000,1.525479,-1.7978859,7.804459,
1423841186144,48753042983540,48753042310000,1.525479,-1.56634,8.308413,
1423841186157,48753056280206,48753055441000,1.7161638,-1.293933,9.384419,
1423841186172,48753070846873,48753068790000,2.0294318,-1.1441092,9.915613,
1423841186188,48753087223539,48753081980000,1.9477097,-0.7627395,9.997335,
1423841186198,48753097335206,48753095058000,1.7161638,-0.8036005,9.80665,
1423841186210,48753108773539,48753108133000,1.334794,-0.5720546,9.261836,
1423841186223,48753121990207,48753121331000,1.0215261,-0.4903325,9.030291,
1423841186239,48753138036873,48753134635000,1.1849703,-0.4903325,9.41166,
1423841186255,48753153616873,48753147818000,1.2258313,-0.4903325,9.302697,
1423841186264,48753163371873,48753161008000,1.253072,-0.6810174,9.493382,
1423841186276,48753174696873,48753174043000,1.334794,-0.8036005,9.152874,
1423841186289,48753187990206,48753187370000,1.3756552,-0.87170225,9.030291,
1423841186306,48753204716873,48753200693000,1.253072,-0.95342433,8.921328,
1423841186321,48753219836872,48753213868000,1.1441092,-0.8036005,9.193735,
1423841186329,48753227688539,48753227011000,0.95342433,-0.8308412,9.071152,
1423841186342,48753240896873,48753240278000,0.6810174,-0.7218784,9.152874,
1423841186355,48753254040206,48753253440000,0.61291564,-0.6401563,9.452521,
1423841186370,48753269123539,48753266770000,1.56634,-0.5720546,9.997335,
1423841186387,48753285841873,48753279943000,1.7978859,-1.4437568,8.648921,
1423841186396,48753295473540,48753293175000,-0.06810174,-0.3405087,9.261836,
1423841186408,48753306850206,48753306236000,-2.0975335,0.38136974,8.349273,
1423841186441,48753340526873,48753319780000,-2.7921712,0.027240695,8.989429,
1423841186443,48753342056873,48753333068000,-2.0294318,-0.06810174,8.689782,
1423841186463,48753362286873,48753346290000,-1.484618,-0.7218784,8.539958,
1423841186465,48753363681873,48753359641000,-0.9942854,-1.1441092,8.580819,
1423841186474,48753373266873,48753372655000,-0.95342433,-1.334794,8.417375,
1423841186487,48753386493539,48753385861000,-0.7218784,-1.253072,8.267551,
1423841186502,48753401606873,48753399243000,-0.25878662,-0.8036005,8.730643,
1423841186518,48753417363539,48753412466000,0.38136974,-0.6810174,9.452521,
1423841186527,48753426096873,48753425518000,0.7627395,-0.25878662,9.833891,
1423841186540,48753439215206,48753438590000,0.40861043,-0.027240695,9.874752,
1423841186555,48753454151873,48753451735000,-0.21792556,0.10896278,10.296983,
1423841186569,48753467718539,48753465038000,-0.7627395,-0.21792556,9.302697,
1423841186585,48753484496873,48753478310000,-0.53119355,-0.4903325,9.071152,
1423841186594,48753493036873,48753491408000,0.3405087,-1.334794,8.158588,
1423841186606,48753505141873,48753504480000,1.8659877,-1.6344417,7.804459,
1423841186620,48753518658539,48753517858000,2.9419951,-1.3756552,9.493382,
1423841186637,48753535928539,48753531275000,3.7047346,-0.87170225,10.106298,
1423841186651,48753550270207,48753544438000,5.7341666,-0.44947147,9.724928,
1423841186661,48753560328540,48753557520000,3.3233647,-0.38136974,8.458236,
1423841186672,48753571403540,48753570711000,-0.7218784,-0.53119355,7.5456724,
1423841186686,48753584726873,48753583921000,-0.6810174,-2.0975335,6.701211,
1423841186701,48753599686872,48753597243000,1.8387469,-2.1792557,9.030291,
1423841186717,48753615730206,48753610463000,3.5957718,-1.4165162,10.61025,
1423841186726,48753624685206,48753623606000,3.091819,-0.19068487,10.991621,
1423841186738,48753637328539,48753636696000,1.293933,1.2258313,11.3321295,
1423841186752,48753650718540,48753649946000,0.87170225,1.253072,9.575105,
1423841186767,48753666001873,48753663366000,1.4165162,0.19068487,9.193735,
1423841186783,48753682465206,48753676591000,1.0623871,-0.40861043,8.689782,
1423841186794,48753692651873,48753689753000,0.7627395,-0.9942854,8.308413,
1423841186804,48753703506873,48753702845000,0.40861043,-1.334794,7.9270425,
1423841186818,48753716756873,48753716135000,1.7570249,-1.1849703,8.267551,
1423841186835,48753733911873,48753729471000,3.3642259,-0.9125633,8.458236,
1423841186849,48753748180206,48753742661000,3.8273177,-0.7627395,9.030291,
1423841186858,48753756878539,48753755690000,1.8659877,0.25878662,9.80665,
1423841186870,48753769418539,48753768751000,1.0623871,1.2258313,10.065437,
1423841186884,48753782883540,48753782250000,1.6344417,0.95342433,10.18802,
1423841186899,48753798000206,48753795573000,1.56634,-0.19068487,9.41166,
1423841186915,48753814440205,48753808801000,0.9942854,-1.6753027,8.417375,
1423841186925,48753824098539,48753821956000,0.87170225,-2.2473574,7.804459,
1423841186937,48753835656872,48753835041000,-0.29964766,-2.2473574,7.8861814,
1423841186950,48753849025205,48753848186000,-0.29964766,-2.2473574,8.076866,
1423841186965,48753864328538,48753861520000,0.44947147,-1.6753027,8.989429,
1423841186982,48753880835205,48753874748000,0.6401563,-0.6810174,9.915613,
1423841186990,48753889110205,48753887871000,0.61291564,-0.3405087,10.065437,
1423841187003,48753901796873,48753901138000,0.9125633,-0.4903325,10.147159,
1423841187016,48753914943539,48753914323000,0.87170225,-0.6810174,9.261836,
1423841187032,48753931248539,48753927656000,0.61291564,-1.1032481,8.689782,
1423841187047,48753946225206,48753940851000,0.7627395,-1.7978859,8.158588,
1423841187056,48753955198539,48753954011000,0.8036005,-1.9885708,7.9679036,
1423841187069,48753967736872,48753967076000,0.87170225,-1.7570249,8.458236,
1423841187082,48753981596873,48753980776000,0.7218784,-1.525479,8.771504,
1423841187098,48753996618539,48753994065000,0.7627395,-1.4437568,8.60806,
1423841187114,48754013416872,48754007271000,0.8036005,-1.3756552,9.030291,
1423841187124,48754022980206,48754020660000,0.5720546,-0.9125633,9.220976,
1423841187135,48754034480206,48754033800000,0.53119355,-0.5720546,9.302697,
1423841187148,48754047575205,48754046921000,0.40861043,-0.53119355,9.452521,
1423841187163,48754062505206,48754060250000,0.38136974,-0.6810174,9.220976,
1423841187179,48754078498539,48754073396000,0.25878662,-1.0215261,9.220976,
1423841187190,48754088798539,48754086471000,0.25878662,-1.3756552,8.648921,
1423841187201,48754100338539,48754099553000,0.38136974,-1.4165162,8.798744,
1423841187215,48754113760206,48754112880000,0.19068487,-1.1849703,8.962189,
1423841187230,48754129126872,48754126206000,0.14982383,-0.9125633,9.384419,
1423841187247,48754146056872,48754139375000,0.19068487,-0.6810174,9.452521,
1423841187254,48754153143539,48754152501000,0.3405087,-0.87170225,9.220976,
1423841187267,48754166233539,48754165570000,0.38136974,-1.253072,9.112013,
1423841187280,48754179553539,48754178908000,0.14982383,-1.253072,9.302697,
1423841187296,48754195406872,48754192205000,-0.10896278,-0.9942854,8.962189,
1423841187314,48754212913539,48754205445000,0.14982383,-0.95342433,9.724928,
1423841187322,48754221330206,48754218476000,0.38136974,-1.1849703,9.41166,
1423841187334,48754232873539,48754232205000,0.3405087,-1.2258313,9.220976,
1423841187350,48754249048539,48754245630000,0.21792556,-1.1032481,9.684067,
1423841187369,48754267656872,48754259021000,0.40861043,-1.1849703,9.384419,
1423841187380,48754278771872,48754272438000,0.3405087,-1.334794,8.880466,
1423841187387,48754286470206,48754285513000,0.40861043,-1.293933,9.152874,
1423841187400,48754299248539,48754298586000,0.21792556,-1.1032481,9.261836,
1423841187415,48754314025206,48754311993000,0.19068487,-0.9942854,9.193735,
1423841187430,48754329028539,48754325276000,0.21792556,-0.9125633,9.302697,
1423841187446,48754344655206,48754338525000,0.21792556,-1.0623871,9.112013,
1423841187461,48754359811872,48754351655000,0.19068487,-1.253072,8.962189,
1423841187466,48754365428539,48754364725000,0.19068487,-1.2258313,8.798744,
1423841187480,48754378708539,48754377870000,0.10896278,-1.1032481,8.880466,
1423841187495,48754393616872,48754391196000,0.25878662,-1.1441092,9.071152,
1423841187512,48754410991873,48754404386000,0.4903325,-1.1441092,8.60806,
1423841187521,48754419815205,48754417516000,0.10896278,-1.1441092,8.771504,
1423841187533,48754431885206,48754431251000,0.027240695,-1.1032481,8.921328,
1423841187546,48754444963539,48754444360000,-0.14982383,-0.9125633,8.798744,
1423841187560,48754459061872,48754457668000,0.027240695,-1.0215261,8.880466,
1423841187577,48754475633539,48754470841000,0.21792556,-1.4165162,8.60806,
1423841187587,48754485751872,48754483930000,0.3405087,-1.6344417,7.9679036,
1423841187599,48754497663539,48754496981000,0.06810174,-1.484618,8.076866,
1423841187612,48754510828539,48754510181000,0.10896278,-1.0215261,9.261836,
1423841187626,48754525236872,48754523466000,0.7627395,-0.7627395,9.261836,
1423841187642,48754541503539,48754536633000,0.3405087,-0.38136974,9.493382,
1423841187653,48754551636873,48754549751000,0.3405087,-0.06810174,10.106298,
1423841187664,48754563473539,48754562830000,0.44947147,0.0,9.956474,
1423841187678,48754576616872,48754575965000,0.44947147,-0.19068487,9.684067,
1423841187693,48754592380206,48754589321000,0.027240695,-0.40861043,8.989429,
1423841187709,48754607875205,48754602633000,0.06810174,-0.4903325,8.880466,
1423841187723,48754622590206,48754616150000,0.40861043,-0.21792556,9.684067,
1423841187732,48754631573539,48754629473000,0.53119355,-0.10896278,9.534244,
1423841187745,48754643685206,48754642811000,0.29964766,-0.06810174,9.071152,
1423841187761,48754659875205,48754656038000,0.06810174,-0.40861043,8.962189,
1423841187776,48754675118539,48754669203000,0.53119355,-0.44947147,8.771504,
1423841187786,48754684886872,48754683093000,0.61291564,-0.10896278,9.452521,
1423841187798,48754696771872,48754696180000,0.53119355,0.10896278,9.833891,
1423841187811,48754710303539,48754709443000,0.6401563,0.29964766,10.2152605,
1423841187827,48754726445206,48754722873000,0.6810174,0.19068487,10.487668,
1423841187843,48754742496872,48754736140000,0.7218784,0.0,11.100583,
1423841187858,48754757133539,48754749291000,1.1849703,0.14982383,11.032481,
1423841187864,48754763100206,48754762441000,0.21792556,-0.29964766,8.771504,
1423841187880,48754779493539,48754775771000,-2.5197644,-0.5720546,7.273266,
